state, learning_error, dispersion, majority_error, threshold 
bp_step,0.2872340425531915,0.0013138516723510962,0.3404255319148936,0.9903700796376848,
