state, learning_error, dispersion, majority_error, threshold 
bp_step,0.31788079470198677,6.904627484615178E-4,0.33774834437086093,0.5622532289540809,
