state, learning_error, dispersion, majority_error, threshold 
bp_step,0.2872340425531915,0.0013138516723510962,0.3404255319148936,0.9903700796376848,
bp_step,0.2872340425531915,0.0014453339299360657,0.3404255319148936,0.9893199465882656,
bp_step,0.2872340425531915,0.0016010230002206916,0.3404255319148936,0.9880647588817675,
bp_step,0.2872340425531915,0.0017874407072603349,0.3404255319148936,0.9865424914236534,
