weights,lambda_A1,bond,h_3,
apAtom60,0,0,0.11638463772401231,
atomKappa_A2,0,0.011864989176039842,0,
finalKappa,0.13999381361982444,0,0,
