weights,mother = parent,father = parent,
res,0.10045773645126843,0.21317675999595487,
